SKU*,Name,Brand
AB-MANTA-CARBON-V,Aquabound Manta Ray Carbon Paddle,Aquabound
AB-MANTA-HYBRID-V,Aquabound Manta Ray Hybrid Paddle,Aquabound
AB-STING-CARBON-V,Aquabound Sting Ray Carbon Paddle,Aquabound
AB-STING-HYBRID-V,Aquabound Sting Ray Hybrid Paddle,Aquabound
AG-MARINE-SEALANT-53.2-V,Amazing GOOP Marine Contact Adhesive 53.2g,Amazing Goop
BD-LEASH-V,Black Diamond Slinger Leash,Black Diamond
BP-1201-V,BerleyPro Stow Bro,BerleyPro
BP-1209-V,BerleyPro Vantage Bro Kit B,BerleyPro
BP-1217-V,BerleyPro Rectangular Bucket Organiser,BerleyPro
BP-1220-V,BerleyPro Jig Bucket Edition Side Bro (45mm),BerleyPro
BP-1227-V,Bucket Bro For K2F Kayaks,BerleyPro
BP-1228-V,Bucket Bro For K2F Kayaks Rectangle Hatch,BerleyPro
BP-1415-V,"BerleyPro Batterang Bro Mount (9"") 220mm",BerleyPro
BP-1417-FPVBATMOUNT-V,BerleyPro FPV Lithium Battery Hobie Mast Mount,BerleyPro
BP-1429-V,"BerleyPro Batterang Bro Mount (8"") 195mm",BerleyPro
BP-1430-V,"BerleyPro Batterang Bro Mount (6"") 153mm",BerleyPro
BP-1702-V,"BerleyPro Lowrance Hook/Elite Visors - Hook/Elite, 5",BerleyPro
BP-1719-V,BerleyPro Lowrance Hook2 4 Visor,BerleyPro
BP-1720-V,BerleyPro Lowrance Hook2 5 Visor,BerleyPro
BP-1721-V,BerleyPro Lowrance Hook2/Hook Reveal 7 Visor,BerleyPro
BP-2503-B-V,BerleyPro Garmin Striker Plus 5 Visor,BerleyPro
BP-2504-V,BerleyPro Garmin Striker Plus 7 Visor,BerleyPro
BP-2517B-V,"BerleyPro Garmin Striker Visors - PLUS/VIVID, 9",BerleyPro
BP-2520-V,BerleyPro Garmin Striker Plus 4 Visor,BerleyPro
BP-2610-V,BerleyPro Lowrance Triple Shot Ready Transducer Mount,BerleyPro
